[
    {
        "position": 0,
        "title": "Machine learning",
        "result_id": "_zuqxloS2b0J",
        "type": "Book",
        "link": "https://books.google.com/books?hl=en&lr=&id=2nQJEAAAQBAJ&oi=fnd&pg=PR7&dq=machine+learning&ots=fI_9TbYGps&sig=MY51VizG5Xp46oL4tXKSmcKPOm4",
        "snippet": "A concise overview of machine learning--computer programs that learn from data--the basis of such applications as voice recognition and driverless cars. Today, machine learning \u2026",
        "publication_info": {
            "summary": "E Alpaydin - 2021 - books.google.com",
            "authors": [
                {
                    "name": "E Alpaydin",
                    "link": "https://scholar.google.com/citations?user=lXYKgiYAAAAJ&hl=en&num=11&oi=sra",
                    "serpapi_scholar_link": "https://serpapi.com/search.json?author_id=lXYKgiYAAAAJ&engine=google_scholar_author&hl=en",
                    "author_id": "lXYKgiYAAAAJ"
                }
            ]
        },
        "resources": [
            {
                "title": "pomona.edu",
                "file_format": "PDF",
                "link": "https://cs.pomona.edu/~dkauchak/classes/s16/cs30-s16/lectures/lecture12-NN-basics.pdf"
            }
        ],
        "inline_links": {
            "serpapi_cite_link": "https://serpapi.com/search.json?engine=google_scholar_cite&hl=en&q=_zuqxloS2b0J",
            "cited_by": {
                "total": 1000,
                "link": "https://scholar.google.com/scholar?cites=13679985524203994111&as_sdt=80005&sciodt=0,11&hl=en&num=11",
                "cites_id": "13679985524203994111",
                "serpapi_scholar_link": "https://serpapi.com/search.json?as_sdt=80005&cites=13679985524203994111&engine=google_scholar&hl=en&num=11"
            },
            "related_pages_link": "https://scholar.google.com/scholar?q=related:_zuqxloS2b0J:scholar.google.com/&scioq=machine+learning&hl=en&num=11&as_sdt=0,11",
            "serpapi_related_pages_link": "https://serpapi.com/search.json?as_sdt=0%2C11&engine=google_scholar&hl=en&num=11&q=related%3A_zuqxloS2b0J%3Ascholar.google.com%2F",
            "versions": {
                "total": 11,
                "link": "https://scholar.google.com/scholar?cluster=13679985524203994111&hl=en&num=11&as_sdt=0,11",
                "cluster_id": "13679985524203994111",
                "serpapi_scholar_link": "https://serpapi.com/search.json?as_sdt=0%2C11&cluster=13679985524203994111&engine=google_scholar&hl=en&num=11"
            }
        }
    },
    {
        "position": 1,
        "title": "Machine learning: Trends, perspectives, and prospects",
        "result_id": "pdcI9r5sCJcJ",
        "link": "https://www.science.org/doi/abs/10.1126/science.aaa8415",
        "snippet": "\u2026 Machine learning addresses the question of how to build computers that improve \u2026 Recent progress in machine learning has been driven both by the development of new learning \u2026",
        "publication_info": {
            "summary": "MI Jordan, TM Mitchell - Science, 2015 - science.org",
            "authors": [
                {
                    "name": "MI Jordan",
                    "link": "https://scholar.google.com/citations?user=yxUduqMAAAAJ&hl=en&num=11&oi=sra",
                    "serpapi_scholar_link": "https://serpapi.com/search.json?author_id=yxUduqMAAAAJ&engine=google_scholar_author&hl=en",
                    "author_id": "yxUduqMAAAAJ"
                },
                {
                    "name": "TM Mitchell",
                    "link": "https://scholar.google.com/citations?user=MnfzuPYAAAAJ&hl=en&num=11&oi=sra",
                    "serpapi_scholar_link": "https://serpapi.com/search.json?author_id=MnfzuPYAAAAJ&engine=google_scholar_author&hl=en",
                    "author_id": "MnfzuPYAAAAJ"
                }
            ]
        },
        "resources": [
            {
                "title": "cmu.edu",
                "file_format": "PDF",
                "link": "http://www.cs.cmu.edu/~tom/pubs/Science-ML-2015.pdf"
            }
        ],
        "inline_links": {
            "serpapi_cite_link": "https://serpapi.com/search.json?engine=google_scholar_cite&hl=en&q=pdcI9r5sCJcJ",
            "cited_by": {
                "total": 8679,
                "link": "https://scholar.google.com/scholar?cites=10883068066968164261&as_sdt=80005&sciodt=0,11&hl=en&num=11",
                "cites_id": "10883068066968164261",
                "serpapi_scholar_link": "https://serpapi.com/search.json?as_sdt=80005&cites=10883068066968164261&engine=google_scholar&hl=en&num=11"
            },
            "related_pages_link": "https://scholar.google.com/scholar?q=related:pdcI9r5sCJcJ:scholar.google.com/&scioq=machine+learning&hl=en&num=11&as_sdt=0,11",
            "serpapi_related_pages_link": "https://serpapi.com/search.json?as_sdt=0%2C11&engine=google_scholar&hl=en&num=11&q=related%3ApdcI9r5sCJcJ%3Ascholar.google.com%2F",
            "versions": {
                "total": 25,
                "link": "https://scholar.google.com/scholar?cluster=10883068066968164261&hl=en&num=11&as_sdt=0,11",
                "cluster_id": "10883068066968164261",
                "serpapi_scholar_link": "https://serpapi.com/search.json?as_sdt=0%2C11&cluster=10883068066968164261&engine=google_scholar&hl=en&num=11"
            }
        }
    },
    {
        "position": 2,
        "title": "Machine learning algorithms-a review",
        "result_id": "sR_ChBn63tIJ",
        "type": "Pdf",
        "link": "https://www.researchgate.net/profile/Batta-Mahesh/publication/344717762_Machine_Learning_Algorithms_-A_Review/links/5f8b2365299bf1b53e2d243a/Machine-Learning-Algorithms-A-Review.pdf?eid=5082902844932096",
        "snippet": "\u2026 Here\u201fsa quick look at some of the commonly used algorithms in machine learning (ML) Supervised Learning Supervised learning is the machine learning task of learning a function \u2026",
        "publication_info": {
            "summary": "B Mahesh - International Journal of Science and Research (IJSR) \u2026, 2020 - researchgate.net"
        },
        "resources": [
            {
                "title": "researchgate.net",
                "file_format": "PDF",
                "link": "https://www.researchgate.net/profile/Batta-Mahesh/publication/344717762_Machine_Learning_Algorithms_-A_Review/links/5f8b2365299bf1b53e2d243a/Machine-Learning-Algorithms-A-Review.pdf?eid=5082902844932096"
            }
        ],
        "inline_links": {
            "serpapi_cite_link": "https://serpapi.com/search.json?engine=google_scholar_cite&hl=en&q=sR_ChBn63tIJ",
            "cited_by": {
                "total": 2732,
                "link": "https://scholar.google.com/scholar?cites=15194857180303073201&as_sdt=80005&sciodt=0,11&hl=en&num=11",
                "cites_id": "15194857180303073201",
                "serpapi_scholar_link": "https://serpapi.com/search.json?as_sdt=80005&cites=15194857180303073201&engine=google_scholar&hl=en&num=11"
            },
            "related_pages_link": "https://scholar.google.com/scholar?q=related:sR_ChBn63tIJ:scholar.google.com/&scioq=machine+learning&hl=en&num=11&as_sdt=0,11",
            "serpapi_related_pages_link": "https://serpapi.com/search.json?as_sdt=0%2C11&engine=google_scholar&hl=en&num=11&q=related%3AsR_ChBn63tIJ%3Ascholar.google.com%2F",
            "versions": {
                "total": 2,
                "link": "https://scholar.google.com/scholar?cluster=15194857180303073201&hl=en&num=11&as_sdt=0,11",
                "cluster_id": "15194857180303073201",
                "serpapi_scholar_link": "https://serpapi.com/search.json?as_sdt=0%2C11&cluster=15194857180303073201&engine=google_scholar&hl=en&num=11"
            },
            "cached_page_link": "https://scholar.googleusercontent.com/scholar?q=cache:sR_ChBn63tIJ:scholar.google.com/+machine+learning&hl=en&num=11&as_sdt=0,11"
        }
    },
    {
        "position": 3,
        "title": "What is machine learning?",
        "result_id": "6uA6mpei2rcJ",
        "type": "Book",
        "link": "https://link.springer.com/chapter/10.1007/978-3-319-18305-3_1",
        "snippet": "\u2026 A machine learning algorithm is a computational process that \u2026 This training is the \u201clearning\u201d part of machine learning. The \u2026 can practice \u201clifelong\u201d learning as it processes new data and \u2026",
        "publication_info": {
            "summary": "I El Naqa, MJ Murphy - 2015 - Springer",
            "authors": [
                {
                    "name": "I El Naqa",
                    "link": "https://scholar.google.com/citations?user=9Vdfc2sAAAAJ&hl=en&num=11&oi=sra",
                    "serpapi_scholar_link": "https://serpapi.com/search.json?author_id=9Vdfc2sAAAAJ&engine=google_scholar_author&hl=en",
                    "author_id": "9Vdfc2sAAAAJ"
                }
            ]
        },
        "resources": [
            {
                "title": "vutbr.cz",
                "file_format": "PDF",
                "link": "http://vision.uamt.feec.vutbr.cz/ROZ/lectures/Machine%20Learning%20in%20Computer%20Vision%20(F.F.%20Li,%20Stanford).pdf"
            }
        ],
        "inline_links": {
            "serpapi_cite_link": "https://serpapi.com/search.json?engine=google_scholar_cite&hl=en&q=6uA6mpei2rcJ",
            "cited_by": {
                "total": 1246,
                "link": "https://scholar.google.com/scholar?cites=13248080025875046634&as_sdt=80005&sciodt=0,11&hl=en&num=11",
                "cites_id": "13248080025875046634",
                "serpapi_scholar_link": "https://serpapi.com/search.json?as_sdt=80005&cites=13248080025875046634&engine=google_scholar&hl=en&num=11"
            },
            "related_pages_link": "https://scholar.google.com/scholar?q=related:6uA6mpei2rcJ:scholar.google.com/&scioq=machine+learning&hl=en&num=11&as_sdt=0,11",
            "serpapi_related_pages_link": "https://serpapi.com/search.json?as_sdt=0%2C11&engine=google_scholar&hl=en&num=11&q=related%3A6uA6mpei2rcJ%3Ascholar.google.com%2F",
            "versions": {
                "total": 11,
                "link": "https://scholar.google.com/scholar?cluster=13248080025875046634&hl=en&num=11&as_sdt=0,11",
                "cluster_id": "13248080025875046634",
                "serpapi_scholar_link": "https://serpapi.com/search.json?as_sdt=0%2C11&cluster=13248080025875046634&engine=google_scholar&hl=en&num=11"
            }
        }
    },
    {
        "position": 4,
        "title": "Machine learning and the physical sciences",
        "result_id": "eucrqVB_bisJ",
        "link": "https://journals.aps.org/rmp/abstract/10.1103/RevModPhys.91.045002",
        "snippet": "\u2026 II, where the interaction with machine learning has a long history, drawing on methods in \u2026 in machine learning. We then turn the wheel in the other direction of using machine learning for \u2026",
        "publication_info": {
            "summary": "G Carleo, I Cirac, K Cranmer, L Daudet, M Schuld\u2026 - Reviews of Modern \u2026, 2019 - APS",
            "authors": [
                {
                    "name": "G Carleo",
                    "link": "https://scholar.google.com/citations?user=e9I38PEAAAAJ&hl=en&num=11&oi=sra",
                    "serpapi_scholar_link": "https://serpapi.com/search.json?author_id=e9I38PEAAAAJ&engine=google_scholar_author&hl=en",
                    "author_id": "e9I38PEAAAAJ"
                },
                {
                    "name": "I Cirac",
                    "link": "https://scholar.google.com/citations?user=gPGlTbgAAAAJ&hl=en&num=11&oi=sra",
                    "serpapi_scholar_link": "https://serpapi.com/search.json?author_id=gPGlTbgAAAAJ&engine=google_scholar_author&hl=en",
                    "author_id": "gPGlTbgAAAAJ"
                },
                {
                    "name": "K Cranmer",
                    "link": "https://scholar.google.com/citations?user=EZjSxgwAAAAJ&hl=en&num=11&oi=sra",
                    "serpapi_scholar_link": "https://serpapi.com/search.json?author_id=EZjSxgwAAAAJ&engine=google_scholar_author&hl=en",
                    "author_id": "EZjSxgwAAAAJ"
                },
                {
                    "name": "L Daudet",
                    "link": "https://scholar.google.com/citations?user=PCIAcfUAAAAJ&hl=en&num=11&oi=sra",
                    "serpapi_scholar_link": "https://serpapi.com/search.json?author_id=PCIAcfUAAAAJ&engine=google_scholar_author&hl=en",
                    "author_id": "PCIAcfUAAAAJ"
                },
                {
                    "name": "M Schuld",
                    "link": "https://scholar.google.com/citations?user=_ih_hwUAAAAJ&hl=en&num=11&oi=sra",
                    "serpapi_scholar_link": "https://serpapi.com/search.json?author_id=_ih_hwUAAAAJ&engine=google_scholar_author&hl=en",
                    "author_id": "_ih_hwUAAAAJ"
                }
            ]
        },
        "resources": [
            {
                "title": "aps.org",
                "file_format": "PDF",
                "link": "https://link.aps.org/accepted/10.1103/RevModPhys.91.045002"
            }
        ],
        "inline_links": {
            "serpapi_cite_link": "https://serpapi.com/search.json?engine=google_scholar_cite&hl=en&q=eucrqVB_bisJ",
            "cited_by": {
                "total": 2131,
                "link": "https://scholar.google.com/scholar?cites=3129578775481411450&as_sdt=80005&sciodt=0,11&hl=en&num=11",
                "cites_id": "3129578775481411450",
                "serpapi_scholar_link": "https://serpapi.com/search.json?as_sdt=80005&cites=3129578775481411450&engine=google_scholar&hl=en&num=11"
            },
            "related_pages_link": "https://scholar.google.com/scholar?q=related:eucrqVB_bisJ:scholar.google.com/&scioq=machine+learning&hl=en&num=11&as_sdt=0,11",
            "serpapi_related_pages_link": "https://serpapi.com/search.json?as_sdt=0%2C11&engine=google_scholar&hl=en&num=11&q=related%3AeucrqVB_bisJ%3Ascholar.google.com%2F",
            "versions": {
                "total": 13,
                "link": "https://scholar.google.com/scholar?cluster=3129578775481411450&hl=en&num=11&as_sdt=0,11",
                "cluster_id": "3129578775481411450",
                "serpapi_scholar_link": "https://serpapi.com/search.json?as_sdt=0%2C11&cluster=3129578775481411450&engine=google_scholar&hl=en&num=11"
            }
        }
    },
    {
        "position": 5,
        "title": "What is machine learning? A primer for the epidemiologist",
        "result_id": "LDE5SAcBB-gJ",
        "link": "https://academic.oup.com/aje/article-abstract/188/12/2222/5567515",
        "snippet": "\u2026 We provide a brief introduction to 5 common machine learning \u2026 of machine learning techniques in the published literature. We recommend approaches to incorporate machine learning \u2026",
        "publication_info": {
            "summary": "Q Bi, KE Goodman, J Kaminsky\u2026 - American journal of \u2026, 2019 - academic.oup.com",
            "authors": [
                {
                    "name": "J Kaminsky",
                    "link": "https://scholar.google.com/citations?user=BFdcm_gAAAAJ&hl=en&num=11&oi=sra",
                    "serpapi_scholar_link": "https://serpapi.com/search.json?author_id=BFdcm_gAAAAJ&engine=google_scholar_author&hl=en",
                    "author_id": "BFdcm_gAAAAJ"
                }
            ]
        },
        "resources": [
            {
                "title": "umsha.ac.ir",
                "file_format": "PDF",
                "link": "https://sph.umsha.ac.ir/uploads/18/2023/May/22/kwz189.pdf"
            }
        ],
        "inline_links": {
            "serpapi_cite_link": "https://serpapi.com/search.json?engine=google_scholar_cite&hl=en&q=LDE5SAcBB-gJ",
            "cited_by": {
                "total": 507,
                "link": "https://scholar.google.com/scholar?cites=16719333272424362284&as_sdt=80005&sciodt=0,11&hl=en&num=11",
                "cites_id": "16719333272424362284",
                "serpapi_scholar_link": "https://serpapi.com/search.json?as_sdt=80005&cites=16719333272424362284&engine=google_scholar&hl=en&num=11"
            },
            "related_pages_link": "https://scholar.google.com/scholar?q=related:LDE5SAcBB-gJ:scholar.google.com/&scioq=machine+learning&hl=en&num=11&as_sdt=0,11",
            "serpapi_related_pages_link": "https://serpapi.com/search.json?as_sdt=0%2C11&engine=google_scholar&hl=en&num=11&q=related%3ALDE5SAcBB-gJ%3Ascholar.google.com%2F",
            "versions": {
                "total": 10,
                "link": "https://scholar.google.com/scholar?cluster=16719333272424362284&hl=en&num=11&as_sdt=0,11",
                "cluster_id": "16719333272424362284",
                "serpapi_scholar_link": "https://serpapi.com/search.json?as_sdt=0%2C11&cluster=16719333272424362284&engine=google_scholar&hl=en&num=11"
            }
        }
    },
    {
        "position": 6,
        "title": "Readings in machine learning",
        "result_id": "fiUuYFSiLxwJ",
        "type": "Book",
        "link": "https://books.google.com/books?hl=en&lr=&id=UgC33U2KMCsC&oi=fnd&pg=PA1&dq=machine+learning&ots=Tigkjm7Lu8&sig=6gqUEQwiHVXBsiCR07y13Vx30-A",
        "snippet": "\u2026 in machine learning. We have taught from these readings in our own machine learning \u2026 Furthermore, we in machine learning believe that learning techniques provide important con\u2026",
        "publication_info": {
            "summary": "JW Shavlik, TG Dietterich - 1990 - books.google.com",
            "authors": [
                {
                    "name": "JW Shavlik",
                    "link": "https://scholar.google.com/citations?user=okf5bmQAAAAJ&hl=en&num=11&oi=sra",
                    "serpapi_scholar_link": "https://serpapi.com/search.json?author_id=okf5bmQAAAAJ&engine=google_scholar_author&hl=en",
                    "author_id": "okf5bmQAAAAJ"
                },
                {
                    "name": "TG Dietterich",
                    "link": "https://scholar.google.com/citations?user=09kJn28AAAAJ&hl=en&num=11&oi=sra",
                    "serpapi_scholar_link": "https://serpapi.com/search.json?author_id=09kJn28AAAAJ&engine=google_scholar_author&hl=en",
                    "author_id": "09kJn28AAAAJ"
                }
            ]
        },
        "inline_links": {
            "serpapi_cite_link": "https://serpapi.com/search.json?engine=google_scholar_cite&hl=en&q=fiUuYFSiLxwJ",
            "cited_by": {
                "total": 571,
                "link": "https://scholar.google.com/scholar?cites=2031020440241972606&as_sdt=80005&sciodt=0,11&hl=en&num=11",
                "cites_id": "2031020440241972606",
                "serpapi_scholar_link": "https://serpapi.com/search.json?as_sdt=80005&cites=2031020440241972606&engine=google_scholar&hl=en&num=11"
            },
            "related_pages_link": "https://scholar.google.com/scholar?q=related:fiUuYFSiLxwJ:scholar.google.com/&scioq=machine+learning&hl=en&num=11&as_sdt=0,11",
            "serpapi_related_pages_link": "https://serpapi.com/search.json?as_sdt=0%2C11&engine=google_scholar&hl=en&num=11&q=related%3AfiUuYFSiLxwJ%3Ascholar.google.com%2F",
            "versions": {
                "total": 3,
                "link": "https://scholar.google.com/scholar?cluster=2031020440241972606&hl=en&num=11&as_sdt=0,11",
                "cluster_id": "2031020440241972606",
                "serpapi_scholar_link": "https://serpapi.com/search.json?as_sdt=0%2C11&cluster=2031020440241972606&engine=google_scholar&hl=en&num=11"
            }
        }
    },
    {
        "position": 7,
        "title": "Encyclopedia of machine learning",
        "result_id": "IufbymTDBukJ",
        "type": "Book",
        "link": "https://books.google.com/books?hl=en&lr=&id=i8hQhp1a62UC&oi=fnd&pg=PT29&dq=machine+learning&ots=92jeBzhHeO&sig=pZghYoiMjetkZ5YV-q-ptnr_ZXQ",
        "snippet": "\u2026 Machine Learning came to be identified as a research field in \u2026 machine learning appeared. Although the field coalesced in the \uf6dc\uf641\uf640\uf639s, research on what we now call machine learning \u2026",
        "publication_info": {
            "summary": "C Sammut, GI Webb - 2011 - books.google.com",
            "authors": [
                {
                    "name": "C Sammut",
                    "link": "https://scholar.google.com/citations?user=1KsZREQAAAAJ&hl=en&num=11&oi=sra",
                    "serpapi_scholar_link": "https://serpapi.com/search.json?author_id=1KsZREQAAAAJ&engine=google_scholar_author&hl=en",
                    "author_id": "1KsZREQAAAAJ"
                },
                {
                    "name": "GI Webb",
                    "link": "https://scholar.google.com/citations?user=_1tpf8AAAAAJ&hl=en&num=11&oi=sra",
                    "serpapi_scholar_link": "https://serpapi.com/search.json?author_id=_1tpf8AAAAAJ&engine=google_scholar_author&hl=en",
                    "author_id": "_1tpf8AAAAAJ"
                }
            ]
        },
        "inline_links": {
            "serpapi_cite_link": "https://serpapi.com/search.json?engine=google_scholar_cite&hl=en&q=IufbymTDBukJ",
            "cited_by": {
                "total": 2211,
                "link": "https://scholar.google.com/scholar?cites=16791323098365028130&as_sdt=80005&sciodt=0,11&hl=en&num=11",
                "cites_id": "16791323098365028130",
                "serpapi_scholar_link": "https://serpapi.com/search.json?as_sdt=80005&cites=16791323098365028130&engine=google_scholar&hl=en&num=11"
            },
            "related_pages_link": "https://scholar.google.com/scholar?q=related:IufbymTDBukJ:scholar.google.com/&scioq=machine+learning&hl=en&num=11&as_sdt=0,11",
            "serpapi_related_pages_link": "https://serpapi.com/search.json?as_sdt=0%2C11&engine=google_scholar&hl=en&num=11&q=related%3AIufbymTDBukJ%3Ascholar.google.com%2F",
            "versions": {
                "total": 6,
                "link": "https://scholar.google.com/scholar?cluster=16791323098365028130&hl=en&num=11&as_sdt=0,11",
                "cluster_id": "16791323098365028130",
                "serpapi_scholar_link": "https://serpapi.com/search.json?as_sdt=0%2C11&cluster=16791323098365028130&engine=google_scholar&hl=en&num=11"
            }
        }
    },
    {
        "position": 8,
        "title": "Machine learning in action",
        "result_id": "zsRGU1-JC9sJ",
        "type": "Book",
        "link": "https://books.google.com/books?hl=en&lr=&id=XTozEAAAQBAJ&oi=fnd&pg=PT18&dq=machine+learning&ots=pxYjN9MRjn&sig=nPTLIYzzeZJSU59vYQH0e7YtcTY",
        "snippet": "\u2026 uses of machine learning algorithms so that the reader can build better applications. \u2026 machine learning to massive datasets that cannot be adequately addressed on a single machine\u2026",
        "publication_info": {
            "summary": "P Harrington - 2012 - books.google.com"
        },
        "resources": [
            {
                "title": "academia.edu",
                "file_format": "PDF",
                "link": "https://www.academia.edu/download/55805430/Machine_Learning_in_Action.pdf"
            }
        ],
        "inline_links": {
            "serpapi_cite_link": "https://serpapi.com/search.json?engine=google_scholar_cite&hl=en&q=zsRGU1-JC9sJ",
            "cited_by": {
                "total": 1345,
                "link": "https://scholar.google.com/scholar?cites=15783860361562080462&as_sdt=80005&sciodt=0,11&hl=en&num=11",
                "cites_id": "15783860361562080462",
                "serpapi_scholar_link": "https://serpapi.com/search.json?as_sdt=80005&cites=15783860361562080462&engine=google_scholar&hl=en&num=11"
            },
            "related_pages_link": "https://scholar.google.com/scholar?q=related:zsRGU1-JC9sJ:scholar.google.com/&scioq=machine+learning&hl=en&num=11&as_sdt=0,11",
            "serpapi_related_pages_link": "https://serpapi.com/search.json?as_sdt=0%2C11&engine=google_scholar&hl=en&num=11&q=related%3AzsRGU1-JC9sJ%3Ascholar.google.com%2F",
            "versions": {
                "total": 5,
                "link": "https://scholar.google.com/scholar?cluster=15783860361562080462&hl=en&num=11&as_sdt=0,11",
                "cluster_id": "15783860361562080462",
                "serpapi_scholar_link": "https://serpapi.com/search.json?as_sdt=0%2C11&cluster=15783860361562080462&engine=google_scholar&hl=en&num=11"
            }
        }
    },
    {
        "position": 9,
        "title": "Practical machine learning",
        "result_id": "nhPaWHXTIagJ",
        "type": "Book",
        "link": "https://books.google.com/books?hl=en&lr=&id=WmsdDAAAQBAJ&oi=fnd&pg=PP1&dq=machine+learning&ots=1Bv8CAOocY&sig=w8xOlYgkBmBx1UVsIZeCXmkD8ls",
        "snippet": "\u2026 Machine learning, will cover the basics of Machine learning and the landscape of Machine learning semantics\u2026 It will also define Machine learning in simple terms and introduce Machine \u2026",
        "publication_info": {
            "summary": "S Gollapudi - 2016 - books.google.com",
            "authors": [
                {
                    "name": "S Gollapudi",
                    "link": "https://scholar.google.com/citations?user=gMoKAHMAAAAJ&hl=en&num=11&oi=sra",
                    "serpapi_scholar_link": "https://serpapi.com/search.json?author_id=gMoKAHMAAAAJ&engine=google_scholar_author&hl=en",
                    "author_id": "gMoKAHMAAAAJ"
                }
            ]
        },
        "inline_links": {
            "serpapi_cite_link": "https://serpapi.com/search.json?engine=google_scholar_cite&hl=en&q=nhPaWHXTIagJ",
            "cited_by": {
                "total": 196,
                "link": "https://scholar.google.com/scholar?cites=12115196973558666142&as_sdt=80005&sciodt=0,11&hl=en&num=11",
                "cites_id": "12115196973558666142",
                "serpapi_scholar_link": "https://serpapi.com/search.json?as_sdt=80005&cites=12115196973558666142&engine=google_scholar&hl=en&num=11"
            },
            "related_pages_link": "https://scholar.google.com/scholar?q=related:nhPaWHXTIagJ:scholar.google.com/&scioq=machine+learning&hl=en&num=11&as_sdt=0,11",
            "serpapi_related_pages_link": "https://serpapi.com/search.json?as_sdt=0%2C11&engine=google_scholar&hl=en&num=11&q=related%3AnhPaWHXTIagJ%3Ascholar.google.com%2F",
            "versions": {
                "total": 2,
                "link": "https://scholar.google.com/scholar?cluster=12115196973558666142&hl=en&num=11&as_sdt=0,11",
                "cluster_id": "12115196973558666142",
                "serpapi_scholar_link": "https://serpapi.com/search.json?as_sdt=0%2C11&cluster=12115196973558666142&engine=google_scholar&hl=en&num=11"
            }
        }
    },
    {
        "position": 10,
        "title": "Foundations of machine learning",
        "result_id": "IVyR3mXITrQJ",
        "type": "Book",
        "link": "https://books.google.com/books?hl=en&lr=&id=dWB9DwAAQBAJ&oi=fnd&pg=PR5&dq=machine+learning&ots=AzoWYXv5r3&sig=jBDFZActrw8MBiaM4-bQqZ6wB0A",
        "snippet": "\u2026 It covers fundamental modern topics in machine learning \u2026 complex topics arising in machine learning and highlight several \u2026 of important topics in machine learning, we have chosen to \u2026",
        "publication_info": {
            "summary": "M Mohri, A Rostamizadeh, A Talwalkar - 2018 - books.google.com",
            "authors": [
                {
                    "name": "M Mohri",
                    "link": "https://scholar.google.com/citations?user=ktwwLjsAAAAJ&hl=en&num=11&oi=sra",
                    "serpapi_scholar_link": "https://serpapi.com/search.json?author_id=ktwwLjsAAAAJ&engine=google_scholar_author&hl=en",
                    "author_id": "ktwwLjsAAAAJ"
                },
                {
                    "name": "A Rostamizadeh",
                    "link": "https://scholar.google.com/citations?user=EPl3EkgAAAAJ&hl=en&num=11&oi=sra",
                    "serpapi_scholar_link": "https://serpapi.com/search.json?author_id=EPl3EkgAAAAJ&engine=google_scholar_author&hl=en",
                    "author_id": "EPl3EkgAAAAJ"
                },
                {
                    "name": "A Talwalkar",
                    "link": "https://scholar.google.com/citations?user=TW7U1W0AAAAJ&hl=en&num=11&oi=sra",
                    "serpapi_scholar_link": "https://serpapi.com/search.json?author_id=TW7U1W0AAAAJ&engine=google_scholar_author&hl=en",
                    "author_id": "TW7U1W0AAAAJ"
                }
            ]
        },
        "resources": [
            {
                "title": "academia.edu",
                "file_format": "PDF",
                "link": "https://www.academia.edu/download/86186744/lecture_3.pdf"
            }
        ],
        "inline_links": {
            "serpapi_cite_link": "https://serpapi.com/search.json?engine=google_scholar_cite&hl=en&q=IVyR3mXITrQJ",
            "cited_by": {
                "total": 6335,
                "link": "https://scholar.google.com/scholar?cites=12992542314861780001&as_sdt=80005&sciodt=0,11&hl=en&num=11",
                "cites_id": "12992542314861780001",
                "serpapi_scholar_link": "https://serpapi.com/search.json?as_sdt=80005&cites=12992542314861780001&engine=google_scholar&hl=en&num=11"
            },
            "related_pages_link": "https://scholar.google.com/scholar?q=related:IVyR3mXITrQJ:scholar.google.com/&scioq=machine+learning&hl=en&num=11&as_sdt=0,11",
            "serpapi_related_pages_link": "https://serpapi.com/search.json?as_sdt=0%2C11&engine=google_scholar&hl=en&num=11&q=related%3AIVyR3mXITrQJ%3Ascholar.google.com%2F",
            "versions": {
                "total": 12,
                "link": "https://scholar.google.com/scholar?cluster=12992542314861780001&hl=en&num=11&as_sdt=0,11",
                "cluster_id": "12992542314861780001",
                "serpapi_scholar_link": "https://serpapi.com/search.json?as_sdt=0%2C11&cluster=12992542314861780001&engine=google_scholar&hl=en&num=11"
            }
        }
    },
    {
        "position": 0,
        "title": "Machine learning",
        "result_id": "_zuqxloS2b0J",
        "type": "Book",
        "link": "https://books.google.com/books?hl=en&lr=&id=2nQJEAAAQBAJ&oi=fnd&pg=PR7&dq=machine+learning&ots=fI_9TbZymr&sig=JfcfOWqu6Cyu-P89oWgWOwg6sak",
        "snippet": "A concise overview of machine learning--computer programs that learn from data--the basis of such applications as voice recognition and driverless cars. Today, machine learning \u2026",
        "publication_info": {
            "summary": "E Alpaydin - 2021 - books.google.com",
            "authors": [
                {
                    "name": "E Alpaydin",
                    "link": "https://scholar.google.com/citations?user=lXYKgiYAAAAJ&hl=en&num=12&oi=sra",
                    "serpapi_scholar_link": "https://serpapi.com/search.json?author_id=lXYKgiYAAAAJ&engine=google_scholar_author&hl=en",
                    "author_id": "lXYKgiYAAAAJ"
                }
            ]
        },
        "resources": [
            {
                "title": "pomona.edu",
                "file_format": "PDF",
                "link": "https://cs.pomona.edu/~dkauchak/classes/s16/cs30-s16/lectures/lecture12-NN-basics.pdf"
            }
        ],
        "inline_links": {
            "serpapi_cite_link": "https://serpapi.com/search.json?engine=google_scholar_cite&hl=en&q=_zuqxloS2b0J",
            "cited_by": {
                "total": 1000,
                "link": "https://scholar.google.com/scholar?cites=13679985524203994111&as_sdt=2005&sciodt=0,5&hl=en&num=12",
                "cites_id": "13679985524203994111",
                "serpapi_scholar_link": "https://serpapi.com/search.json?as_sdt=2005&cites=13679985524203994111&engine=google_scholar&hl=en&num=12"
            },
            "related_pages_link": "https://scholar.google.com/scholar?q=related:_zuqxloS2b0J:scholar.google.com/&scioq=machine+learning&hl=en&num=12&as_sdt=0,5",
            "serpapi_related_pages_link": "https://serpapi.com/search.json?as_sdt=0%2C5&engine=google_scholar&hl=en&num=12&q=related%3A_zuqxloS2b0J%3Ascholar.google.com%2F",
            "versions": {
                "total": 11,
                "link": "https://scholar.google.com/scholar?cluster=13679985524203994111&hl=en&num=12&as_sdt=0,5",
                "cluster_id": "13679985524203994111",
                "serpapi_scholar_link": "https://serpapi.com/search.json?as_sdt=0%2C5&cluster=13679985524203994111&engine=google_scholar&hl=en&num=12"
            }
        }
    },
    {
        "position": 6,
        "title": "Readings in machine learning",
        "result_id": "fiUuYFSiLxwJ",
        "type": "Book",
        "link": "https://books.google.com/books?hl=en&lr=&id=UgC33U2KMCsC&oi=fnd&pg=PA1&dq=machine+learning&ots=Tigkjm8Dr7&sig=wVVWE_7UlQWljSc3ZJDu7NeSpf8",
        "snippet": "\u2026 in machine learning. We have taught from these readings in our own machine learning \u2026 Furthermore, we in machine learning believe that learning techniques provide important con\u2026",
        "publication_info": {
            "summary": "JW Shavlik, TG Dietterich - 1990 - books.google.com",
            "authors": [
                {
                    "name": "JW Shavlik",
                    "link": "https://scholar.google.com/citations?user=okf5bmQAAAAJ&hl=en&num=12&oi=sra",
                    "serpapi_scholar_link": "https://serpapi.com/search.json?author_id=okf5bmQAAAAJ&engine=google_scholar_author&hl=en",
                    "author_id": "okf5bmQAAAAJ"
                },
                {
                    "name": "TG Dietterich",
                    "link": "https://scholar.google.com/citations?user=09kJn28AAAAJ&hl=en&num=12&oi=sra",
                    "serpapi_scholar_link": "https://serpapi.com/search.json?author_id=09kJn28AAAAJ&engine=google_scholar_author&hl=en",
                    "author_id": "09kJn28AAAAJ"
                }
            ]
        },
        "inline_links": {
            "serpapi_cite_link": "https://serpapi.com/search.json?engine=google_scholar_cite&hl=en&q=fiUuYFSiLxwJ",
            "cited_by": {
                "total": 571,
                "link": "https://scholar.google.com/scholar?cites=2031020440241972606&as_sdt=2005&sciodt=0,5&hl=en&num=12",
                "cites_id": "2031020440241972606",
                "serpapi_scholar_link": "https://serpapi.com/search.json?as_sdt=2005&cites=2031020440241972606&engine=google_scholar&hl=en&num=12"
            },
            "related_pages_link": "https://scholar.google.com/scholar?q=related:fiUuYFSiLxwJ:scholar.google.com/&scioq=machine+learning&hl=en&num=12&as_sdt=0,5",
            "serpapi_related_pages_link": "https://serpapi.com/search.json?as_sdt=0%2C5&engine=google_scholar&hl=en&num=12&q=related%3AfiUuYFSiLxwJ%3Ascholar.google.com%2F",
            "versions": {
                "total": 3,
                "link": "https://scholar.google.com/scholar?cluster=2031020440241972606&hl=en&num=12&as_sdt=0,5",
                "cluster_id": "2031020440241972606",
                "serpapi_scholar_link": "https://serpapi.com/search.json?as_sdt=0%2C5&cluster=2031020440241972606&engine=google_scholar&hl=en&num=12"
            }
        }
    },
    {
        "position": 7,
        "title": "Encyclopedia of machine learning",
        "result_id": "IufbymTDBukJ",
        "type": "Book",
        "link": "https://books.google.com/books?hl=en&lr=&id=i8hQhp1a62UC&oi=fnd&pg=PT29&dq=machine+learning&ots=92jeBzizbN&sig=JuhAx-SzMCV62mz_XAIOSZmMR7s",
        "snippet": "\u2026 Machine Learning came to be identified as a research field in \u2026 machine learning appeared. Although the field coalesced in the \uf6dc\uf641\uf640\uf639s, research on what we now call machine learning \u2026",
        "publication_info": {
            "summary": "C Sammut, GI Webb - 2011 - books.google.com",
            "authors": [
                {
                    "name": "C Sammut",
                    "link": "https://scholar.google.com/citations?user=1KsZREQAAAAJ&hl=en&num=12&oi=sra",
                    "serpapi_scholar_link": "https://serpapi.com/search.json?author_id=1KsZREQAAAAJ&engine=google_scholar_author&hl=en",
                    "author_id": "1KsZREQAAAAJ"
                },
                {
                    "name": "GI Webb",
                    "link": "https://scholar.google.com/citations?user=_1tpf8AAAAAJ&hl=en&num=12&oi=sra",
                    "serpapi_scholar_link": "https://serpapi.com/search.json?author_id=_1tpf8AAAAAJ&engine=google_scholar_author&hl=en",
                    "author_id": "_1tpf8AAAAAJ"
                }
            ]
        },
        "inline_links": {
            "serpapi_cite_link": "https://serpapi.com/search.json?engine=google_scholar_cite&hl=en&q=IufbymTDBukJ",
            "cited_by": {
                "total": 2211,
                "link": "https://scholar.google.com/scholar?cites=16791323098365028130&as_sdt=2005&sciodt=0,5&hl=en&num=12",
                "cites_id": "16791323098365028130",
                "serpapi_scholar_link": "https://serpapi.com/search.json?as_sdt=2005&cites=16791323098365028130&engine=google_scholar&hl=en&num=12"
            },
            "related_pages_link": "https://scholar.google.com/scholar?q=related:IufbymTDBukJ:scholar.google.com/&scioq=machine+learning&hl=en&num=12&as_sdt=0,5",
            "serpapi_related_pages_link": "https://serpapi.com/search.json?as_sdt=0%2C5&engine=google_scholar&hl=en&num=12&q=related%3AIufbymTDBukJ%3Ascholar.google.com%2F",
            "versions": {
                "total": 6,
                "link": "https://scholar.google.com/scholar?cluster=16791323098365028130&hl=en&num=12&as_sdt=0,5",
                "cluster_id": "16791323098365028130",
                "serpapi_scholar_link": "https://serpapi.com/search.json?as_sdt=0%2C5&cluster=16791323098365028130&engine=google_scholar&hl=en&num=12"
            }
        }
    },
    {
        "position": 8,
        "title": "Machine learning in action",
        "result_id": "zsRGU1-JC9sJ",
        "type": "Book",
        "link": "https://books.google.com/books?hl=en&lr=&id=XTozEAAAQBAJ&oi=fnd&pg=PT18&dq=machine+learning&ots=pxYjN9NJgm&sig=6ilbTsg6eVv-f-xyTZXN08qO9jM",
        "snippet": "\u2026 uses of machine learning algorithms so that the reader can build better applications. \u2026 machine learning to massive datasets that cannot be adequately addressed on a single machine\u2026",
        "publication_info": {
            "summary": "P Harrington - 2012 - books.google.com"
        },
        "resources": [
            {
                "title": "academia.edu",
                "file_format": "PDF",
                "link": "https://www.academia.edu/download/55805430/Machine_Learning_in_Action.pdf"
            }
        ],
        "inline_links": {
            "serpapi_cite_link": "https://serpapi.com/search.json?engine=google_scholar_cite&hl=en&q=zsRGU1-JC9sJ",
            "cited_by": {
                "total": 1345,
                "link": "https://scholar.google.com/scholar?cites=15783860361562080462&as_sdt=2005&sciodt=0,5&hl=en&num=12",
                "cites_id": "15783860361562080462",
                "serpapi_scholar_link": "https://serpapi.com/search.json?as_sdt=2005&cites=15783860361562080462&engine=google_scholar&hl=en&num=12"
            },
            "related_pages_link": "https://scholar.google.com/scholar?q=related:zsRGU1-JC9sJ:scholar.google.com/&scioq=machine+learning&hl=en&num=12&as_sdt=0,5",
            "serpapi_related_pages_link": "https://serpapi.com/search.json?as_sdt=0%2C5&engine=google_scholar&hl=en&num=12&q=related%3AzsRGU1-JC9sJ%3Ascholar.google.com%2F",
            "versions": {
                "total": 5,
                "link": "https://scholar.google.com/scholar?cluster=15783860361562080462&hl=en&num=12&as_sdt=0,5",
                "cluster_id": "15783860361562080462",
                "serpapi_scholar_link": "https://serpapi.com/search.json?as_sdt=0%2C5&cluster=15783860361562080462&engine=google_scholar&hl=en&num=12"
            }
        }
    },
    {
        "position": 9,
        "title": "Practical machine learning",
        "result_id": "nhPaWHXTIagJ",
        "type": "Book",
        "link": "https://books.google.com/books?hl=en&lr=&id=WmsdDAAAQBAJ&oi=fnd&pg=PP1&dq=machine+learning&ots=1Bv8CAPg9X&sig=fGnkzl-oGtelekNuAXm7HF6Yie8",
        "snippet": "\u2026 Machine learning, will cover the basics of Machine learning and the landscape of Machine learning semantics\u2026 It will also define Machine learning in simple terms and introduce Machine \u2026",
        "publication_info": {
            "summary": "S Gollapudi - 2016 - books.google.com",
            "authors": [
                {
                    "name": "S Gollapudi",
                    "link": "https://scholar.google.com/citations?user=gMoKAHMAAAAJ&hl=en&num=12&oi=sra",
                    "serpapi_scholar_link": "https://serpapi.com/search.json?author_id=gMoKAHMAAAAJ&engine=google_scholar_author&hl=en",
                    "author_id": "gMoKAHMAAAAJ"
                }
            ]
        },
        "inline_links": {
            "serpapi_cite_link": "https://serpapi.com/search.json?engine=google_scholar_cite&hl=en&q=nhPaWHXTIagJ",
            "cited_by": {
                "total": 196,
                "link": "https://scholar.google.com/scholar?cites=12115196973558666142&as_sdt=2005&sciodt=0,5&hl=en&num=12",
                "cites_id": "12115196973558666142",
                "serpapi_scholar_link": "https://serpapi.com/search.json?as_sdt=2005&cites=12115196973558666142&engine=google_scholar&hl=en&num=12"
            },
            "related_pages_link": "https://scholar.google.com/scholar?q=related:nhPaWHXTIagJ:scholar.google.com/&scioq=machine+learning&hl=en&num=12&as_sdt=0,5",
            "serpapi_related_pages_link": "https://serpapi.com/search.json?as_sdt=0%2C5&engine=google_scholar&hl=en&num=12&q=related%3AnhPaWHXTIagJ%3Ascholar.google.com%2F",
            "versions": {
                "total": 2,
                "link": "https://scholar.google.com/scholar?cluster=12115196973558666142&hl=en&num=12&as_sdt=0,5",
                "cluster_id": "12115196973558666142",
                "serpapi_scholar_link": "https://serpapi.com/search.json?as_sdt=0%2C5&cluster=12115196973558666142&engine=google_scholar&hl=en&num=12"
            }
        }
    },
    {
        "position": 10,
        "title": "Foundations of machine learning",
        "result_id": "IVyR3mXITrQJ",
        "type": "Book",
        "link": "https://books.google.com/books?hl=en&lr=&id=dWB9DwAAQBAJ&oi=fnd&pg=PR5&dq=machine+learning&ots=AzoWYXwZo2&sig=vuyu0d1VJTx3pLgXdR-d7gfnOw8",
        "snippet": "\u2026 It covers fundamental modern topics in machine learning \u2026 complex topics arising in machine learning and highlight several \u2026 of important topics in machine learning, we have chosen to \u2026",
        "publication_info": {
            "summary": "M Mohri, A Rostamizadeh, A Talwalkar - 2018 - books.google.com",
            "authors": [
                {
                    "name": "M Mohri",
                    "link": "https://scholar.google.com/citations?user=ktwwLjsAAAAJ&hl=en&num=12&oi=sra",
                    "serpapi_scholar_link": "https://serpapi.com/search.json?author_id=ktwwLjsAAAAJ&engine=google_scholar_author&hl=en",
                    "author_id": "ktwwLjsAAAAJ"
                },
                {
                    "name": "A Rostamizadeh",
                    "link": "https://scholar.google.com/citations?user=EPl3EkgAAAAJ&hl=en&num=12&oi=sra",
                    "serpapi_scholar_link": "https://serpapi.com/search.json?author_id=EPl3EkgAAAAJ&engine=google_scholar_author&hl=en",
                    "author_id": "EPl3EkgAAAAJ"
                },
                {
                    "name": "A Talwalkar",
                    "link": "https://scholar.google.com/citations?user=TW7U1W0AAAAJ&hl=en&num=12&oi=sra",
                    "serpapi_scholar_link": "https://serpapi.com/search.json?author_id=TW7U1W0AAAAJ&engine=google_scholar_author&hl=en",
                    "author_id": "TW7U1W0AAAAJ"
                }
            ]
        },
        "resources": [
            {
                "title": "academia.edu",
                "file_format": "PDF",
                "link": "https://www.academia.edu/download/86186744/lecture_3.pdf"
            }
        ],
        "inline_links": {
            "serpapi_cite_link": "https://serpapi.com/search.json?engine=google_scholar_cite&hl=en&q=IVyR3mXITrQJ",
            "cited_by": {
                "total": 6335,
                "link": "https://scholar.google.com/scholar?cites=12992542314861780001&as_sdt=2005&sciodt=0,5&hl=en&num=12",
                "cites_id": "12992542314861780001",
                "serpapi_scholar_link": "https://serpapi.com/search.json?as_sdt=2005&cites=12992542314861780001&engine=google_scholar&hl=en&num=12"
            },
            "related_pages_link": "https://scholar.google.com/scholar?q=related:IVyR3mXITrQJ:scholar.google.com/&scioq=machine+learning&hl=en&num=12&as_sdt=0,5",
            "serpapi_related_pages_link": "https://serpapi.com/search.json?as_sdt=0%2C5&engine=google_scholar&hl=en&num=12&q=related%3AIVyR3mXITrQJ%3Ascholar.google.com%2F",
            "versions": {
                "total": 12,
                "link": "https://scholar.google.com/scholar?cluster=12992542314861780001&hl=en&num=12&as_sdt=0,5",
                "cluster_id": "12992542314861780001",
                "serpapi_scholar_link": "https://serpapi.com/search.json?as_sdt=0%2C5&cluster=12992542314861780001&engine=google_scholar&hl=en&num=12"
            }
        }
    },
    {
        "position": 11,
        "title": "Machine learning",
        "result_id": "EQ8shYj8Ai8J",
        "type": "Book",
        "link": "https://books.google.com/books?hl=en&lr=&id=ctM-EAAAQBAJ&oi=fnd&pg=PR6&dq=machine+learning&ots=o_JoX9Wr1r&sig=ojZeutH5qIhd_H1vi7-ceX4x8Rc",
        "snippet": "\u2026 machine learning. The second part includes Chapters 4\u201310, which presents some classic and popular machine learning \u2026 cover the core topics of machine learning in one semester, and \u2026",
        "publication_info": {
            "summary": "ZH Zhou - 2021 - books.google.com",
            "authors": [
                {
                    "name": "ZH Zhou",
                    "link": "https://scholar.google.com/citations?user=rSVIHasAAAAJ&hl=en&num=12&oi=sra",
                    "serpapi_scholar_link": "https://serpapi.com/search.json?author_id=rSVIHasAAAAJ&engine=google_scholar_author&hl=en",
                    "author_id": "rSVIHasAAAAJ"
                }
            ]
        },
        "resources": [
            {
                "title": "washington.edu",
                "file_format": "PDF",
                "link": "https://courses.cs.washington.edu/courses/cse160/18sp/sections/09/MachineLearning.pdf"
            }
        ],
        "inline_links": {
            "serpapi_cite_link": "https://serpapi.com/search.json?engine=google_scholar_cite&hl=en&q=EQ8shYj8Ai8J",
            "cited_by": {
                "total": 2014,
                "link": "https://scholar.google.com/scholar?cites=3387547533016043281&as_sdt=2005&sciodt=0,5&hl=en&num=12",
                "cites_id": "3387547533016043281",
                "serpapi_scholar_link": "https://serpapi.com/search.json?as_sdt=2005&cites=3387547533016043281&engine=google_scholar&hl=en&num=12"
            },
            "related_pages_link": "https://scholar.google.com/scholar?q=related:EQ8shYj8Ai8J:scholar.google.com/&scioq=machine+learning&hl=en&num=12&as_sdt=0,5",
            "serpapi_related_pages_link": "https://serpapi.com/search.json?as_sdt=0%2C5&engine=google_scholar&hl=en&num=12&q=related%3AEQ8shYj8Ai8J%3Ascholar.google.com%2F",
            "versions": {
                "total": 8,
                "link": "https://scholar.google.com/scholar?cluster=3387547533016043281&hl=en&num=12&as_sdt=0,5",
                "cluster_id": "3387547533016043281",
                "serpapi_scholar_link": "https://serpapi.com/search.json?as_sdt=0%2C5&cluster=3387547533016043281&engine=google_scholar&hl=en&num=12"
            }
        }
    },
    {
        "position": 0,
        "title": "Machine learning",
        "result_id": "_zuqxloS2b0J",
        "type": "Book",
        "link": "https://books.google.com/books?hl=en&lr=&id=2nQJEAAAQBAJ&oi=fnd&pg=PR7&dq=machine+learning&ots=fI_9TbZChs&sig=7hpA6LTC_L1oCQVqWWfHkU5ayp0",
        "snippet": "A concise overview of machine learning--computer programs that learn from data--the basis of such applications as voice recognition and driverless cars. Today, machine learning \u2026",
        "publication_info": {
            "summary": "E Alpaydin - 2021 - books.google.com",
            "authors": [
                {
                    "name": "E Alpaydin",
                    "link": "https://scholar.google.com/citations?user=lXYKgiYAAAAJ&hl=en&num=13&oi=sra",
                    "serpapi_scholar_link": "https://serpapi.com/search.json?author_id=lXYKgiYAAAAJ&engine=google_scholar_author&hl=en",
                    "author_id": "lXYKgiYAAAAJ"
                }
            ]
        },
        "resources": [
            {
                "title": "pomona.edu",
                "file_format": "PDF",
                "link": "https://cs.pomona.edu/~dkauchak/classes/s16/cs30-s16/lectures/lecture12-NN-basics.pdf"
            }
        ],
        "inline_links": {
            "serpapi_cite_link": "https://serpapi.com/search.json?engine=google_scholar_cite&hl=en&q=_zuqxloS2b0J",
            "cited_by": {
                "total": 1000,
                "link": "https://scholar.google.com/scholar?cites=13679985524203994111&as_sdt=20005&sciodt=0,9&hl=en&num=13",
                "cites_id": "13679985524203994111",
                "serpapi_scholar_link": "https://serpapi.com/search.json?as_sdt=20005&cites=13679985524203994111&engine=google_scholar&hl=en&num=13"
            },
            "related_pages_link": "https://scholar.google.com/scholar?q=related:_zuqxloS2b0J:scholar.google.com/&scioq=machine+learning&hl=en&num=13&as_sdt=0,9",
            "serpapi_related_pages_link": "https://serpapi.com/search.json?as_sdt=0%2C9&engine=google_scholar&hl=en&num=13&q=related%3A_zuqxloS2b0J%3Ascholar.google.com%2F",
            "versions": {
                "total": 11,
                "link": "https://scholar.google.com/scholar?cluster=13679985524203994111&hl=en&num=13&as_sdt=0,9",
                "cluster_id": "13679985524203994111",
                "serpapi_scholar_link": "https://serpapi.com/search.json?as_sdt=0%2C9&cluster=13679985524203994111&engine=google_scholar&hl=en&num=13"
            }
        }
    },
    {
        "position": 6,
        "title": "Readings in machine learning",
        "result_id": "fiUuYFSiLxwJ",
        "type": "Book",
        "link": "https://books.google.com/books?hl=en&lr=&id=UgC33U2KMCsC&oi=fnd&pg=PA1&dq=machine+learning&ots=Tigkjm8Hm8&sig=Y08zJY56Dn3jDRQeVsTpBy34hyk",
        "snippet": "\u2026 in machine learning. We have taught from these readings in our own machine learning \u2026 Furthermore, we in machine learning believe that learning techniques provide important con\u2026",
        "publication_info": {
            "summary": "JW Shavlik, TG Dietterich - 1990 - books.google.com",
            "authors": [
                {
                    "name": "JW Shavlik",
                    "link": "https://scholar.google.com/citations?user=okf5bmQAAAAJ&hl=en&num=13&oi=sra",
                    "serpapi_scholar_link": "https://serpapi.com/search.json?author_id=okf5bmQAAAAJ&engine=google_scholar_author&hl=en",
                    "author_id": "okf5bmQAAAAJ"
                },
                {
                    "name": "TG Dietterich",
                    "link": "https://scholar.google.com/citations?user=09kJn28AAAAJ&hl=en&num=13&oi=sra",
                    "serpapi_scholar_link": "https://serpapi.com/search.json?author_id=09kJn28AAAAJ&engine=google_scholar_author&hl=en",
                    "author_id": "09kJn28AAAAJ"
                }
            ]
        },
        "inline_links": {
            "serpapi_cite_link": "https://serpapi.com/search.json?engine=google_scholar_cite&hl=en&q=fiUuYFSiLxwJ",
            "cited_by": {
                "total": 571,
                "link": "https://scholar.google.com/scholar?cites=2031020440241972606&as_sdt=20005&sciodt=0,9&hl=en&num=13",
                "cites_id": "2031020440241972606",
                "serpapi_scholar_link": "https://serpapi.com/search.json?as_sdt=20005&cites=2031020440241972606&engine=google_scholar&hl=en&num=13"
            },
            "related_pages_link": "https://scholar.google.com/scholar?q=related:fiUuYFSiLxwJ:scholar.google.com/&scioq=machine+learning&hl=en&num=13&as_sdt=0,9",
            "serpapi_related_pages_link": "https://serpapi.com/search.json?as_sdt=0%2C9&engine=google_scholar&hl=en&num=13&q=related%3AfiUuYFSiLxwJ%3Ascholar.google.com%2F",
            "versions": {
                "total": 3,
                "link": "https://scholar.google.com/scholar?cluster=2031020440241972606&hl=en&num=13&as_sdt=0,9",
                "cluster_id": "2031020440241972606",
                "serpapi_scholar_link": "https://serpapi.com/search.json?as_sdt=0%2C9&cluster=2031020440241972606&engine=google_scholar&hl=en&num=13"
            }
        }
    },
    {
        "position": 7,
        "title": "Encyclopedia of machine learning",
        "result_id": "IufbymTDBukJ",
        "type": "Book",
        "link": "https://books.google.com/books?hl=en&lr=&id=i8hQhp1a62UC&oi=fnd&pg=PT29&dq=machine+learning&ots=92jeBziD6O&sig=pzGC9azfDe2lODC7aMR1cDAOSJs",
        "snippet": "\u2026 Machine Learning came to be identified as a research field in \u2026 machine learning appeared. Although the field coalesced in the \uf6dc\uf641\uf640\uf639s, research on what we now call machine learning \u2026",
        "publication_info": {
            "summary": "C Sammut, GI Webb - 2011 - books.google.com",
            "authors": [
                {
                    "name": "C Sammut",
                    "link": "https://scholar.google.com/citations?user=1KsZREQAAAAJ&hl=en&num=13&oi=sra",
                    "serpapi_scholar_link": "https://serpapi.com/search.json?author_id=1KsZREQAAAAJ&engine=google_scholar_author&hl=en",
                    "author_id": "1KsZREQAAAAJ"
                },
                {
                    "name": "GI Webb",
                    "link": "https://scholar.google.com/citations?user=_1tpf8AAAAAJ&hl=en&num=13&oi=sra",
                    "serpapi_scholar_link": "https://serpapi.com/search.json?author_id=_1tpf8AAAAAJ&engine=google_scholar_author&hl=en",
                    "author_id": "_1tpf8AAAAAJ"
                }
            ]
        },
        "inline_links": {
            "serpapi_cite_link": "https://serpapi.com/search.json?engine=google_scholar_cite&hl=en&q=IufbymTDBukJ",
            "cited_by": {
                "total": 2211,
                "link": "https://scholar.google.com/scholar?cites=16791323098365028130&as_sdt=20005&sciodt=0,9&hl=en&num=13",
                "cites_id": "16791323098365028130",
                "serpapi_scholar_link": "https://serpapi.com/search.json?as_sdt=20005&cites=16791323098365028130&engine=google_scholar&hl=en&num=13"
            },
            "related_pages_link": "https://scholar.google.com/scholar?q=related:IufbymTDBukJ:scholar.google.com/&scioq=machine+learning&hl=en&num=13&as_sdt=0,9",
            "serpapi_related_pages_link": "https://serpapi.com/search.json?as_sdt=0%2C9&engine=google_scholar&hl=en&num=13&q=related%3AIufbymTDBukJ%3Ascholar.google.com%2F",
            "versions": {
                "total": 6,
                "link": "https://scholar.google.com/scholar?cluster=16791323098365028130&hl=en&num=13&as_sdt=0,9",
                "cluster_id": "16791323098365028130",
                "serpapi_scholar_link": "https://serpapi.com/search.json?as_sdt=0%2C9&cluster=16791323098365028130&engine=google_scholar&hl=en&num=13"
            }
        }
    },
    {
        "position": 8,
        "title": "Machine learning in action",
        "result_id": "zsRGU1-JC9sJ",
        "type": "Book",
        "link": "https://books.google.com/books?hl=en&lr=&id=XTozEAAAQBAJ&oi=fnd&pg=PT18&dq=machine+learning&ots=pxYjN9NNbn&sig=nrz0iERNKe08FhSOjzX5ntei24w",
        "snippet": "\u2026 uses of machine learning algorithms so that the reader can build better applications. \u2026 machine learning to massive datasets that cannot be adequately addressed on a single machine\u2026",
        "publication_info": {
            "summary": "P Harrington - 2012 - books.google.com"
        },
        "resources": [
            {
                "title": "academia.edu",
                "file_format": "PDF",
                "link": "https://www.academia.edu/download/55805430/Machine_Learning_in_Action.pdf"
            }
        ],
        "inline_links": {
            "serpapi_cite_link": "https://serpapi.com/search.json?engine=google_scholar_cite&hl=en&q=zsRGU1-JC9sJ",
            "cited_by": {
                "total": 1345,
                "link": "https://scholar.google.com/scholar?cites=15783860361562080462&as_sdt=20005&sciodt=0,9&hl=en&num=13",
                "cites_id": "15783860361562080462",
                "serpapi_scholar_link": "https://serpapi.com/search.json?as_sdt=20005&cites=15783860361562080462&engine=google_scholar&hl=en&num=13"
            },
            "related_pages_link": "https://scholar.google.com/scholar?q=related:zsRGU1-JC9sJ:scholar.google.com/&scioq=machine+learning&hl=en&num=13&as_sdt=0,9",
            "serpapi_related_pages_link": "https://serpapi.com/search.json?as_sdt=0%2C9&engine=google_scholar&hl=en&num=13&q=related%3AzsRGU1-JC9sJ%3Ascholar.google.com%2F",
            "versions": {
                "total": 5,
                "link": "https://scholar.google.com/scholar?cluster=15783860361562080462&hl=en&num=13&as_sdt=0,9",
                "cluster_id": "15783860361562080462",
                "serpapi_scholar_link": "https://serpapi.com/search.json?as_sdt=0%2C9&cluster=15783860361562080462&engine=google_scholar&hl=en&num=13"
            }
        }
    },
    {
        "position": 9,
        "title": "Practical machine learning",
        "result_id": "nhPaWHXTIagJ",
        "type": "Book",
        "link": "https://books.google.com/books?hl=en&lr=&id=WmsdDAAAQBAJ&oi=fnd&pg=PP1&dq=machine+learning&ots=1Bv8CAPk4Y&sig=c7SE7OEIYTiNmX2P529rLV7NG44",
        "snippet": "\u2026 Machine learning, will cover the basics of Machine learning and the landscape of Machine learning semantics\u2026 It will also define Machine learning in simple terms and introduce Machine \u2026",
        "publication_info": {
            "summary": "S Gollapudi - 2016 - books.google.com",
            "authors": [
                {
                    "name": "S Gollapudi",
                    "link": "https://scholar.google.com/citations?user=gMoKAHMAAAAJ&hl=en&num=13&oi=sra",
                    "serpapi_scholar_link": "https://serpapi.com/search.json?author_id=gMoKAHMAAAAJ&engine=google_scholar_author&hl=en",
                    "author_id": "gMoKAHMAAAAJ"
                }
            ]
        },
        "inline_links": {
            "serpapi_cite_link": "https://serpapi.com/search.json?engine=google_scholar_cite&hl=en&q=nhPaWHXTIagJ",
            "cited_by": {
                "total": 196,
                "link": "https://scholar.google.com/scholar?cites=12115196973558666142&as_sdt=20005&sciodt=0,9&hl=en&num=13",
                "cites_id": "12115196973558666142",
                "serpapi_scholar_link": "https://serpapi.com/search.json?as_sdt=20005&cites=12115196973558666142&engine=google_scholar&hl=en&num=13"
            },
            "related_pages_link": "https://scholar.google.com/scholar?q=related:nhPaWHXTIagJ:scholar.google.com/&scioq=machine+learning&hl=en&num=13&as_sdt=0,9",
            "serpapi_related_pages_link": "https://serpapi.com/search.json?as_sdt=0%2C9&engine=google_scholar&hl=en&num=13&q=related%3AnhPaWHXTIagJ%3Ascholar.google.com%2F",
            "versions": {
                "total": 2,
                "link": "https://scholar.google.com/scholar?cluster=12115196973558666142&hl=en&num=13&as_sdt=0,9",
                "cluster_id": "12115196973558666142",
                "serpapi_scholar_link": "https://serpapi.com/search.json?as_sdt=0%2C9&cluster=12115196973558666142&engine=google_scholar&hl=en&num=13"
            }
        }
    },
    {
        "position": 10,
        "title": "Foundations of machine learning",
        "result_id": "IVyR3mXITrQJ",
        "type": "Book",
        "link": "https://books.google.com/books?hl=en&lr=&id=dWB9DwAAQBAJ&oi=fnd&pg=PR5&dq=machine+learning&ots=AzoWYXw1j3&sig=Cz54ylGciYoUC2M1C0yt-IoS-80",
        "snippet": "\u2026 It covers fundamental modern topics in machine learning \u2026 complex topics arising in machine learning and highlight several \u2026 of important topics in machine learning, we have chosen to \u2026",
        "publication_info": {
            "summary": "M Mohri, A Rostamizadeh, A Talwalkar - 2018 - books.google.com",
            "authors": [
                {
                    "name": "M Mohri",
                    "link": "https://scholar.google.com/citations?user=ktwwLjsAAAAJ&hl=en&num=13&oi=sra",
                    "serpapi_scholar_link": "https://serpapi.com/search.json?author_id=ktwwLjsAAAAJ&engine=google_scholar_author&hl=en",
                    "author_id": "ktwwLjsAAAAJ"
                },
                {
                    "name": "A Rostamizadeh",
                    "link": "https://scholar.google.com/citations?user=EPl3EkgAAAAJ&hl=en&num=13&oi=sra",
                    "serpapi_scholar_link": "https://serpapi.com/search.json?author_id=EPl3EkgAAAAJ&engine=google_scholar_author&hl=en",
                    "author_id": "EPl3EkgAAAAJ"
                },
                {
                    "name": "A Talwalkar",
                    "link": "https://scholar.google.com/citations?user=TW7U1W0AAAAJ&hl=en&num=13&oi=sra",
                    "serpapi_scholar_link": "https://serpapi.com/search.json?author_id=TW7U1W0AAAAJ&engine=google_scholar_author&hl=en",
                    "author_id": "TW7U1W0AAAAJ"
                }
            ]
        },
        "resources": [
            {
                "title": "academia.edu",
                "file_format": "PDF",
                "link": "https://www.academia.edu/download/86186744/lecture_3.pdf"
            }
        ],
        "inline_links": {
            "serpapi_cite_link": "https://serpapi.com/search.json?engine=google_scholar_cite&hl=en&q=IVyR3mXITrQJ",
            "cited_by": {
                "total": 6335,
                "link": "https://scholar.google.com/scholar?cites=12992542314861780001&as_sdt=20005&sciodt=0,9&hl=en&num=13",
                "cites_id": "12992542314861780001",
                "serpapi_scholar_link": "https://serpapi.com/search.json?as_sdt=20005&cites=12992542314861780001&engine=google_scholar&hl=en&num=13"
            },
            "related_pages_link": "https://scholar.google.com/scholar?q=related:IVyR3mXITrQJ:scholar.google.com/&scioq=machine+learning&hl=en&num=13&as_sdt=0,9",
            "serpapi_related_pages_link": "https://serpapi.com/search.json?as_sdt=0%2C9&engine=google_scholar&hl=en&num=13&q=related%3AIVyR3mXITrQJ%3Ascholar.google.com%2F",
            "versions": {
                "total": 12,
                "link": "https://scholar.google.com/scholar?cluster=12992542314861780001&hl=en&num=13&as_sdt=0,9",
                "cluster_id": "12992542314861780001",
                "serpapi_scholar_link": "https://serpapi.com/search.json?as_sdt=0%2C9&cluster=12992542314861780001&engine=google_scholar&hl=en&num=13"
            }
        }
    },
    {
        "position": 11,
        "title": "Machine learning",
        "result_id": "EQ8shYj8Ai8J",
        "type": "Book",
        "link": "https://books.google.com/books?hl=en&lr=&id=ctM-EAAAQBAJ&oi=fnd&pg=PR6&dq=machine+learning&ots=o_JoX9WvYs&sig=5FaRd1O-C3oQfQEexGnPgLEiiG8",
        "snippet": "\u2026 machine learning. The second part includes Chapters 4\u201310, which presents some classic and popular machine learning \u2026 cover the core topics of machine learning in one semester, and \u2026",
        "publication_info": {
            "summary": "ZH Zhou - 2021 - books.google.com",
            "authors": [
                {
                    "name": "ZH Zhou",
                    "link": "https://scholar.google.com/citations?user=rSVIHasAAAAJ&hl=en&num=13&oi=sra",
                    "serpapi_scholar_link": "https://serpapi.com/search.json?author_id=rSVIHasAAAAJ&engine=google_scholar_author&hl=en",
                    "author_id": "rSVIHasAAAAJ"
                }
            ]
        },
        "resources": [
            {
                "title": "washington.edu",
                "file_format": "PDF",
                "link": "https://courses.cs.washington.edu/courses/cse160/18sp/sections/09/MachineLearning.pdf"
            }
        ],
        "inline_links": {
            "serpapi_cite_link": "https://serpapi.com/search.json?engine=google_scholar_cite&hl=en&q=EQ8shYj8Ai8J",
            "cited_by": {
                "total": 2014,
                "link": "https://scholar.google.com/scholar?cites=3387547533016043281&as_sdt=20005&sciodt=0,9&hl=en&num=13",
                "cites_id": "3387547533016043281",
                "serpapi_scholar_link": "https://serpapi.com/search.json?as_sdt=20005&cites=3387547533016043281&engine=google_scholar&hl=en&num=13"
            },
            "related_pages_link": "https://scholar.google.com/scholar?q=related:EQ8shYj8Ai8J:scholar.google.com/&scioq=machine+learning&hl=en&num=13&as_sdt=0,9",
            "serpapi_related_pages_link": "https://serpapi.com/search.json?as_sdt=0%2C9&engine=google_scholar&hl=en&num=13&q=related%3AEQ8shYj8Ai8J%3Ascholar.google.com%2F",
            "versions": {
                "total": 8,
                "link": "https://scholar.google.com/scholar?cluster=3387547533016043281&hl=en&num=13&as_sdt=0,9",
                "cluster_id": "3387547533016043281",
                "serpapi_scholar_link": "https://serpapi.com/search.json?as_sdt=0%2C9&cluster=3387547533016043281&engine=google_scholar&hl=en&num=13"
            }
        }
    },
    {
        "position": 12,
        "title": "Understanding machine learning: From theory to algorithms",
        "result_id": "GBzGIpYNxj4J",
        "type": "Book",
        "link": "https://books.google.com/books?hl=en&lr=&id=Hf6QAwAAQBAJ&oi=fnd&pg=PR15&dq=machine+learning&ots=2JqmQqnMJ5&sig=spJrF85LVIZ2Tl3ptOqV_ij21b8",
        "snippet": "\u2026 Machine learning is one of the fastest growing areas of computer science, with far-reaching applications. The aim of this textbook is to introduce machine learning, \u2026 machine learning and \u2026",
        "publication_info": {
            "summary": "S Shalev-Shwartz, S Ben-David - 2014 - books.google.com",
            "authors": [
                {
                    "name": "S Shalev-Shwartz",
                    "link": "https://scholar.google.com/citations?user=uYVc9koAAAAJ&hl=en&num=13&oi=sra",
                    "serpapi_scholar_link": "https://serpapi.com/search.json?author_id=uYVc9koAAAAJ&engine=google_scholar_author&hl=en",
                    "author_id": "uYVc9koAAAAJ"
                },
                {
                    "name": "S Ben-David",
                    "link": "https://scholar.google.com/citations?user=kezPqwoAAAAJ&hl=en&num=13&oi=sra",
                    "serpapi_scholar_link": "https://serpapi.com/search.json?author_id=kezPqwoAAAAJ&engine=google_scholar_author&hl=en",
                    "author_id": "kezPqwoAAAAJ"
                }
            ]
        },
        "resources": [
            {
                "title": "ceo.org.pl",
                "file_format": "PDF",
                "link": "https://mlodyobywatel.ceo.org.pl/sites/mlodyobywatel.ceo.org.pl/files/webform/pdf-understanding-machine-learning-from-theory-to-algorithms-shai-shalev-shwartz-shai-ben-david-pdf-download-free-book-171ad88.pdf"
            }
        ],
        "inline_links": {
            "serpapi_cite_link": "https://serpapi.com/search.json?engine=google_scholar_cite&hl=en&q=GBzGIpYNxj4J",
            "cited_by": {
                "total": 7644,
                "link": "https://scholar.google.com/scholar?cites=4523317814219906072&as_sdt=20005&sciodt=0,9&hl=en&num=13",
                "cites_id": "4523317814219906072",
                "serpapi_scholar_link": "https://serpapi.com/search.json?as_sdt=20005&cites=4523317814219906072&engine=google_scholar&hl=en&num=13"
            },
            "related_pages_link": "https://scholar.google.com/scholar?q=related:GBzGIpYNxj4J:scholar.google.com/&scioq=machine+learning&hl=en&num=13&as_sdt=0,9",
            "serpapi_related_pages_link": "https://serpapi.com/search.json?as_sdt=0%2C9&engine=google_scholar&hl=en&num=13&q=related%3AGBzGIpYNxj4J%3Ascholar.google.com%2F",
            "versions": {
                "total": 8,
                "link": "https://scholar.google.com/scholar?cluster=4523317814219906072&hl=en&num=13&as_sdt=0,9",
                "cluster_id": "4523317814219906072",
                "serpapi_scholar_link": "https://serpapi.com/search.json?as_sdt=0%2C9&cluster=4523317814219906072&engine=google_scholar&hl=en&num=13"
            }
        }
    },
    {
        "position": 13,
        "title": "Elements of machine learning",
        "result_id": "A558H9ycTNoJ",
        "type": "Book",
        "link": "https://books.google.com/books?hl=en&lr=&id=TNg5qVoqRtUC&oi=fnd&pg=PR9&dq=machine+learning&ots=Q5lt0qoWQs&sig=ROiuoVutU-pGAPFRhoT4gSFYcaQ",
        "snippet": "\u2026 the goals that motivate researchers to study machine learning. After this, we present a framework for machine learning that serves as an organization for the later sections in the chapter. \u2026",
        "publication_info": {
            "summary": "P Langley - 1996 - books.google.com",
            "authors": [
                {
                    "name": "P Langley",
                    "link": "https://scholar.google.com/citations?user=5JcRw-sAAAAJ&hl=en&num=15&oi=sra",
                    "serpapi_scholar_link": "https://serpapi.com/search.json?author_id=5JcRw-sAAAAJ&engine=google_scholar_author&hl=en",
                    "author_id": "5JcRw-sAAAAJ"
                }
            ]
        },
        "inline_links": {
            "serpapi_cite_link": "https://serpapi.com/search.json?engine=google_scholar_cite&hl=en&q=A558H9ycTNoJ",
            "cited_by": {
                "total": 952,
                "link": "https://scholar.google.com/scholar?cites=15730120067733298691&as_sdt=80000005&sciodt=0,23&hl=en&num=15",
                "cites_id": "15730120067733298691",
                "serpapi_scholar_link": "https://serpapi.com/search.json?as_sdt=80000005&cites=15730120067733298691&engine=google_scholar&hl=en&num=15"
            },
            "related_pages_link": "https://scholar.google.com/scholar?q=related:A558H9ycTNoJ:scholar.google.com/&scioq=machine+learning&hl=en&num=15&as_sdt=0,23",
            "serpapi_related_pages_link": "https://serpapi.com/search.json?as_sdt=0%2C23&engine=google_scholar&hl=en&num=15&q=related%3AA558H9ycTNoJ%3Ascholar.google.com%2F",
            "versions": {
                "total": 3,
                "link": "https://scholar.google.com/scholar?cluster=15730120067733298691&hl=en&num=15&as_sdt=0,23",
                "cluster_id": "15730120067733298691",
                "serpapi_scholar_link": "https://serpapi.com/search.json?as_sdt=0%2C23&cluster=15730120067733298691&engine=google_scholar&hl=en&num=15"
            }
        }
    },
    {
        "position": 14,
        "title": "The discipline of machine learning",
        "result_id": "Sh79Oau9dIYJ",
        "type": "Book",
        "link": "https://www.cs.cmu.edu/afs/cs/usr/mitchell/ftp/pubs/MachineLearningTR.pdf",
        "snippet": "\u2026 Over the past 50 years the study of Machine Learning has \u2026 theories of learning processes, has designed learning algorithms \u2026 that has emerged as Machine Learning, the fundamental \u2026",
        "publication_info": {
            "summary": "TM Mitchell - 2006 - cs.cmu.edu",
            "authors": [
                {
                    "name": "TM Mitchell",
                    "link": "https://scholar.google.com/citations?user=MnfzuPYAAAAJ&hl=en&num=15&oi=sra",
                    "serpapi_scholar_link": "https://serpapi.com/search.json?author_id=MnfzuPYAAAAJ&engine=google_scholar_author&hl=en",
                    "author_id": "MnfzuPYAAAAJ"
                }
            ]
        },
        "resources": [
            {
                "title": "cmu.edu",
                "file_format": "PDF",
                "link": "https://www.cs.cmu.edu/afs/cs/usr/mitchell/ftp/pubs/MachineLearningTR.pdf"
            }
        ],
        "inline_links": {
            "serpapi_cite_link": "https://serpapi.com/search.json?engine=google_scholar_cite&hl=en&q=Sh79Oau9dIYJ",
            "cited_by": {
                "total": 985,
                "link": "https://scholar.google.com/scholar?cites=9688577241490726474&as_sdt=80000005&sciodt=0,23&hl=en&num=15",
                "cites_id": "9688577241490726474",
                "serpapi_scholar_link": "https://serpapi.com/search.json?as_sdt=80000005&cites=9688577241490726474&engine=google_scholar&hl=en&num=15"
            },
            "related_pages_link": "https://scholar.google.com/scholar?q=related:Sh79Oau9dIYJ:scholar.google.com/&scioq=machine+learning&hl=en&num=15&as_sdt=0,23",
            "serpapi_related_pages_link": "https://serpapi.com/search.json?as_sdt=0%2C23&engine=google_scholar&hl=en&num=15&q=related%3ASh79Oau9dIYJ%3Ascholar.google.com%2F",
            "versions": {
                "total": 22,
                "link": "https://scholar.google.com/scholar?cluster=9688577241490726474&hl=en&num=15&as_sdt=0,23",
                "cluster_id": "9688577241490726474",
                "serpapi_scholar_link": "https://serpapi.com/search.json?as_sdt=0%2C23&cluster=9688577241490726474&engine=google_scholar&hl=en&num=15"
            },
            "cached_page_link": "https://scholar.googleusercontent.com/scholar?q=cache:Sh79Oau9dIYJ:scholar.google.com/+machine+learning&hl=en&num=15&as_sdt=0,23"
        }
    },
    {
        "position": 15,
        "title": "Machine learning in agriculture: A review",
        "result_id": "3IzyYvVQwr4J",
        "link": "https://www.mdpi.com/1424-8220/18/8/2674",
        "snippet": "\u2026 research dedicated to applications of machine learning in agricultural production systems. \u2026 will benefit from machine learning technologies. By applying machine learning to sensor data, \u2026",
        "publication_info": {
            "summary": "KG Liakos, P Busato, D Moshou, S Pearson, D Bochtis - Sensors, 2018 - mdpi.com",
            "authors": [
                {
                    "name": "KG Liakos",
                    "link": "https://scholar.google.com/citations?user=hlvhA7cAAAAJ&hl=en&num=18&oi=sra",
                    "serpapi_scholar_link": "https://serpapi.com/search.json?author_id=hlvhA7cAAAAJ&engine=google_scholar_author&hl=en",
                    "author_id": "hlvhA7cAAAAJ"
                },
                {
                    "name": "P Busato",
                    "link": "https://scholar.google.com/citations?user=8Zse3ksAAAAJ&hl=en&num=18&oi=sra",
                    "serpapi_scholar_link": "https://serpapi.com/search.json?author_id=8Zse3ksAAAAJ&engine=google_scholar_author&hl=en",
                    "author_id": "8Zse3ksAAAAJ"
                },
                {
                    "name": "D Moshou",
                    "link": "https://scholar.google.com/citations?user=kblkOBcAAAAJ&hl=en&num=18&oi=sra",
                    "serpapi_scholar_link": "https://serpapi.com/search.json?author_id=kblkOBcAAAAJ&engine=google_scholar_author&hl=en",
                    "author_id": "kblkOBcAAAAJ"
                },
                {
                    "name": "S Pearson",
                    "link": "https://scholar.google.com/citations?user=_xeFP80AAAAJ&hl=en&num=18&oi=sra",
                    "serpapi_scholar_link": "https://serpapi.com/search.json?author_id=_xeFP80AAAAJ&engine=google_scholar_author&hl=en",
                    "author_id": "_xeFP80AAAAJ"
                },
                {
                    "name": "D Bochtis",
                    "link": "https://scholar.google.com/citations?user=k6oh-OQAAAAJ&hl=en&num=18&oi=sra",
                    "serpapi_scholar_link": "https://serpapi.com/search.json?author_id=k6oh-OQAAAAJ&engine=google_scholar_author&hl=en",
                    "author_id": "k6oh-OQAAAAJ"
                }
            ]
        },
        "resources": [
            {
                "title": "mdpi.com",
                "file_format": "PDF",
                "link": "https://www.mdpi.com/1424-8220/18/8/2674/pdf"
            }
        ],
        "inline_links": {
            "serpapi_cite_link": "https://serpapi.com/search.json?engine=google_scholar_cite&hl=en&q=3IzyYvVQwr4J",
            "cited_by": {
                "total": 2409,
                "link": "https://scholar.google.com/scholar?cites=13745638027545447644&as_sdt=20000005&sciodt=0,21&hl=en&num=18",
                "cites_id": "13745638027545447644",
                "serpapi_scholar_link": "https://serpapi.com/search.json?as_sdt=20000005&cites=13745638027545447644&engine=google_scholar&hl=en&num=18"
            },
            "related_pages_link": "https://scholar.google.com/scholar?q=related:3IzyYvVQwr4J:scholar.google.com/&scioq=machine+learning&hl=en&num=18&as_sdt=0,21",
            "serpapi_related_pages_link": "https://serpapi.com/search.json?as_sdt=0%2C21&engine=google_scholar&hl=en&num=18&q=related%3A3IzyYvVQwr4J%3Ascholar.google.com%2F",
            "versions": {
                "total": 20,
                "link": "https://scholar.google.com/scholar?cluster=13745638027545447644&hl=en&num=18&as_sdt=0,21",
                "cluster_id": "13745638027545447644",
                "serpapi_scholar_link": "https://serpapi.com/search.json?as_sdt=0%2C21&cluster=13745638027545447644&engine=google_scholar&hl=en&num=18"
            },
            "cached_page_link": "https://scholar.googleusercontent.com/scholar?q=cache:3IzyYvVQwr4J:scholar.google.com/+machine+learning&hl=en&num=18&as_sdt=0,21"
        }
    },
    {
        "position": 16,
        "title": "Machine learning and its applications to biology",
        "result_id": "f2c_UU2zgaUJ",
        "link": "https://journals.plos.org/ploscompbiol/article?id=10.1371/journal.pcbi.0030116",
        "snippet": "\u2026 and/or supervised machine learning techniques abound in the \u2026 Continuous variable prediction with machine learning \u2026 both supervised and unsupervised machine learning methods, we \u2026",
        "publication_info": {
            "summary": "AL Tarca, VJ Carey, X Chen, R Romero\u2026 - PLoS computational \u2026, 2007 - journals.plos.org",
            "authors": [
                {
                    "name": "AL Tarca",
                    "link": "https://scholar.google.com/citations?user=7LASVa0AAAAJ&hl=en&num=18&oi=sra",
                    "serpapi_scholar_link": "https://serpapi.com/search.json?author_id=7LASVa0AAAAJ&engine=google_scholar_author&hl=en",
                    "author_id": "7LASVa0AAAAJ"
                },
                {
                    "name": "X Chen",
                    "link": "https://scholar.google.com/citations?user=ITvmmNEAAAAJ&hl=en&num=18&oi=sra",
                    "serpapi_scholar_link": "https://serpapi.com/search.json?author_id=ITvmmNEAAAAJ&engine=google_scholar_author&hl=en",
                    "author_id": "ITvmmNEAAAAJ"
                },
                {
                    "name": "R Romero",
                    "link": "https://scholar.google.com/citations?user=vVp3_OoAAAAJ&hl=en&num=18&oi=sra",
                    "serpapi_scholar_link": "https://serpapi.com/search.json?author_id=vVp3_OoAAAAJ&engine=google_scholar_author&hl=en",
                    "author_id": "vVp3_OoAAAAJ"
                }
            ]
        },
        "resources": [
            {
                "title": "plos.org",
                "file_format": "PDF",
                "link": "https://journals.plos.org/ploscompbiol/article/file?id=10.1371/journal.pcbi.0030116&type=printable"
            }
        ],
        "inline_links": {
            "serpapi_cite_link": "https://serpapi.com/search.json?engine=google_scholar_cite&hl=en&q=f2c_UU2zgaUJ",
            "cited_by": {
                "total": 774,
                "link": "https://scholar.google.com/scholar?cites=11926010432910747519&as_sdt=20000005&sciodt=0,21&hl=en&num=18",
                "cites_id": "11926010432910747519",
                "serpapi_scholar_link": "https://serpapi.com/search.json?as_sdt=20000005&cites=11926010432910747519&engine=google_scholar&hl=en&num=18"
            },
            "related_pages_link": "https://scholar.google.com/scholar?q=related:f2c_UU2zgaUJ:scholar.google.com/&scioq=machine+learning&hl=en&num=18&as_sdt=0,21",
            "serpapi_related_pages_link": "https://serpapi.com/search.json?as_sdt=0%2C21&engine=google_scholar&hl=en&num=18&q=related%3Af2c_UU2zgaUJ%3Ascholar.google.com%2F",
            "versions": {
                "total": 22,
                "link": "https://scholar.google.com/scholar?cluster=11926010432910747519&hl=en&num=18&as_sdt=0,21",
                "cluster_id": "11926010432910747519",
                "serpapi_scholar_link": "https://serpapi.com/search.json?as_sdt=0%2C21&cluster=11926010432910747519&engine=google_scholar&hl=en&num=18"
            },
            "cached_page_link": "https://scholar.googleusercontent.com/scholar?q=cache:f2c_UU2zgaUJ:scholar.google.com/+machine+learning&hl=en&num=18&as_sdt=0,21"
        }
    },
    {
        "position": 17,
        "title": "On applied research in machine learning",
        "result_id": "i7tgqUFf020J",
        "type": "Pdf",
        "link": "https://ai.stanford.edu/~ronnyk/editorial.pdf",
        "snippet": "\u2026 Much of the \\science\" of Machine Learning is a \u2026 er learning research, that misclassi cation errors have equal costs. The vast majority of classi er learning research in Machine Learning \u2026",
        "publication_info": {
            "summary": "F Provost, R Kohavi - MACHINE LEARNING-BOSTON-, 1998 - ai.stanford.edu",
            "authors": [
                {
                    "name": "F Provost",
                    "link": "https://scholar.google.com/citations?user=-Km63D4AAAAJ&hl=en&num=18&oi=sra",
                    "serpapi_scholar_link": "https://serpapi.com/search.json?author_id=-Km63D4AAAAJ&engine=google_scholar_author&hl=en",
                    "author_id": "-Km63D4AAAAJ"
                },
                {
                    "name": "R Kohavi",
                    "link": "https://scholar.google.com/citations?user=O3RYHGwAAAAJ&hl=en&num=18&oi=sra",
                    "serpapi_scholar_link": "https://serpapi.com/search.json?author_id=O3RYHGwAAAAJ&engine=google_scholar_author&hl=en",
                    "author_id": "O3RYHGwAAAAJ"
                }
            ]
        },
        "resources": [
            {
                "title": "stanford.edu",
                "file_format": "PDF",
                "link": "https://ai.stanford.edu/~ronnyk/editorial.pdf"
            }
        ],
        "inline_links": {
            "serpapi_cite_link": "https://serpapi.com/search.json?engine=google_scholar_cite&hl=en&q=i7tgqUFf020J",
            "cited_by": {
                "total": 343,
                "link": "https://scholar.google.com/scholar?cites=7913773705839295371&as_sdt=20000005&sciodt=0,21&hl=en&num=18",
                "cites_id": "7913773705839295371",
                "serpapi_scholar_link": "https://serpapi.com/search.json?as_sdt=20000005&cites=7913773705839295371&engine=google_scholar&hl=en&num=18"
            },
            "related_pages_link": "https://scholar.google.com/scholar?q=related:i7tgqUFf020J:scholar.google.com/&scioq=machine+learning&hl=en&num=18&as_sdt=0,21",
            "serpapi_related_pages_link": "https://serpapi.com/search.json?as_sdt=0%2C21&engine=google_scholar&hl=en&num=18&q=related%3Ai7tgqUFf020J%3Ascholar.google.com%2F",
            "versions": {
                "total": 12,
                "link": "https://scholar.google.com/scholar?cluster=7913773705839295371&hl=en&num=18&as_sdt=0,21",
                "cluster_id": "7913773705839295371",
                "serpapi_scholar_link": "https://serpapi.com/search.json?as_sdt=0%2C21&cluster=7913773705839295371&engine=google_scholar&hl=en&num=18"
            },
            "cached_page_link": "https://scholar.googleusercontent.com/scholar?q=cache:i7tgqUFf020J:scholar.google.com/+machine+learning&hl=en&num=18&as_sdt=0,21"
        }
    }
]